{
    "best_trial": [
        "trial_63",
        {
            "total_pnl": 88.66442705468344,
            "win_rate": 0.3088235294117647,
            "total_trades": 68,
            "max_drawdown": 0.04012647512735019
        }
    ],
    "trial_0": {
        "total_pnl": -19.034252465829834,
        "win_rate": 0.26865671641791045,
        "total_trades": 67,
        "max_drawdown": 0.04897124869287181
    },
    "trial_1": {
        "total_pnl": -7.773482274019529,
        "win_rate": 0.375,
        "total_trades": 40,
        "max_drawdown": 0.02774689369264263
    },
    "trial_2": {
        "total_pnl": -16.114938369109726,
        "win_rate": 0.13559322033898305,
        "total_trades": 59,
        "max_drawdown": 0.02284339811812333
    },
    "trial_3": {
        "total_pnl": -1.0155583018061132,
        "win_rate": 0.21052631578947367,
        "total_trades": 19,
        "max_drawdown": 0.006342532958898573
    },
    "trial_4": {
        "total_pnl": -27.24834939753618,
        "win_rate": 0.24,
        "total_trades": 25,
        "max_drawdown": 0.042437076599644914
    },
    "trial_5": {
        "total_pnl": 9.633191088339334,
        "win_rate": 0.5217391304347826,
        "total_trades": 46,
        "max_drawdown": 0.014738455341219935
    },
    "trial_6": {
        "total_pnl": 0.7309938544662713,
        "win_rate": 0.3023255813953488,
        "total_trades": 43,
        "max_drawdown": 0.05632138626288976
    },
    "trial_7": {
        "total_pnl": -24.64736234093506,
        "win_rate": 0.14285714285714285,
        "total_trades": 14,
        "max_drawdown": 0.033243583473587135
    },
    "trial_8": {
        "total_pnl": -53.8505209789194,
        "win_rate": 0.41,
        "total_trades": 100,
        "max_drawdown": 0.06764647646442289
    },
    "trial_9": {
        "total_pnl": -3.7548736409700916,
        "win_rate": 0.2903225806451613,
        "total_trades": 31,
        "max_drawdown": 0.028801410913201833
    },
    "trial_10": {
        "total_pnl": 4.08410472899725,
        "win_rate": 0.35555555555555557,
        "total_trades": 45,
        "max_drawdown": 0.02724253346714832
    },
    "trial_11": {
        "total_pnl": -75.09432097285793,
        "win_rate": 0.25316455696202533,
        "total_trades": 79,
        "max_drawdown": 0.09477942700543479
    },
    "trial_12": {
        "total_pnl": -31.088561132665177,
        "win_rate": 0.19047619047619047,
        "total_trades": 21,
        "max_drawdown": 0.03288294661754412
    },
    "trial_13": {
        "total_pnl": -39.867886395481804,
        "win_rate": 0.34523809523809523,
        "total_trades": 84,
        "max_drawdown": 0.06608506032370347
    },
    "trial_14": {
        "total_pnl": -32.07842095580826,
        "win_rate": 0.36764705882352944,
        "total_trades": 68,
        "max_drawdown": 0.04496657707747369
    },
    "trial_15": {
        "total_pnl": -30.23165059340548,
        "win_rate": 0.36666666666666664,
        "total_trades": 60,
        "max_drawdown": 0.04811211436804444
    },
    "trial_16": {
        "total_pnl": -49.13324852519383,
        "win_rate": 0.3076923076923077,
        "total_trades": 78,
        "max_drawdown": 0.06314948871967525
    },
    "trial_17": {
        "total_pnl": -39.27741729882068,
        "win_rate": 0.23595505617977527,
        "total_trades": 89,
        "max_drawdown": 0.08785832175285145
    },
    "trial_18": {
        "total_pnl": 12.397450016863692,
        "win_rate": 0.38333333333333336,
        "total_trades": 60,
        "max_drawdown": 0.029168207703420018
    },
    "trial_19": {
        "total_pnl": -16.818664543313638,
        "win_rate": 0.30864197530864196,
        "total_trades": 81,
        "max_drawdown": 0.04402167016105772
    },
    "trial_20": {
        "total_pnl": -10.42535071382718,
        "win_rate": 0.3116883116883117,
        "total_trades": 77,
        "max_drawdown": 0.04023278345108357
    },
    "trial_21": {
        "total_pnl": -31.986045252043766,
        "win_rate": 0.23809523809523808,
        "total_trades": 21,
        "max_drawdown": 0.04226170517876642
    },
    "trial_22": {
        "total_pnl": -20.45723812202333,
        "win_rate": 0.4634146341463415,
        "total_trades": 82,
        "max_drawdown": 0.04246997791964947
    },
    "trial_23": {
        "total_pnl": -16.450840799812976,
        "win_rate": 0.20652173913043478,
        "total_trades": 92,
        "max_drawdown": 0.031278082080705226
    },
    "trial_24": {
        "total_pnl": -24.202796418638783,
        "win_rate": 0.4434782608695652,
        "total_trades": 115,
        "max_drawdown": 0.05424407186817917
    },
    "trial_25": {
        "total_pnl": -40.48464301072476,
        "win_rate": 0.3191489361702128,
        "total_trades": 47,
        "max_drawdown": 0.055296097442393145
    },
    "trial_26": {
        "total_pnl": -46.83544065399201,
        "win_rate": 0.2782608695652174,
        "total_trades": 115,
        "max_drawdown": 0.06431817602184786
    },
    "trial_27": {
        "total_pnl": -5.554451981889694,
        "win_rate": 0.5242718446601942,
        "total_trades": 103,
        "max_drawdown": 0.04705382502903802
    },
    "trial_28": {
        "total_pnl": -59.01088195188135,
        "win_rate": 0.24615384615384617,
        "total_trades": 65,
        "max_drawdown": 0.0748230130475501
    },
    "trial_29": {
        "total_pnl": -22.01211429446493,
        "win_rate": 0.43023255813953487,
        "total_trades": 86,
        "max_drawdown": 0.038120364861607296
    },
    "trial_30": {
        "total_pnl": -3.798685450670492,
        "win_rate": 0.48,
        "total_trades": 25,
        "max_drawdown": 0.017788524225354194
    },
    "trial_31": {
        "total_pnl": -21.599770903353825,
        "win_rate": 0.2753623188405797,
        "total_trades": 69,
        "max_drawdown": 0.04090476887531477
    },
    "trial_32": {
        "total_pnl": -36.95290727185002,
        "win_rate": 0.39325842696629215,
        "total_trades": 89,
        "max_drawdown": 0.07472281681652723
    },
    "trial_33": {
        "total_pnl": -60.28275931678641,
        "win_rate": 0.2413793103448276,
        "total_trades": 87,
        "max_drawdown": 0.10290157822513742
    },
    "trial_34": {
        "total_pnl": -55.45923658241564,
        "win_rate": 0.2597402597402597,
        "total_trades": 77,
        "max_drawdown": 0.07050495526109388
    },
    "trial_35": {
        "total_pnl": -24.524184206746565,
        "win_rate": 0.3619047619047619,
        "total_trades": 105,
        "max_drawdown": 0.04873678412241312
    },
    "trial_36": {
        "total_pnl": 5.721499033546507,
        "win_rate": 0.2755102040816326,
        "total_trades": 98,
        "max_drawdown": 0.017718145158015085
    },
    "trial_37": {
        "total_pnl": 1.0648594689239346,
        "win_rate": 0.29545454545454547,
        "total_trades": 88,
        "max_drawdown": 0.04832782275914876
    },
    "trial_38": {
        "total_pnl": -4.338640216325358,
        "win_rate": 0.3181818181818182,
        "total_trades": 44,
        "max_drawdown": 0.030801055846576445
    },
    "trial_39": {
        "total_pnl": -48.109973301485574,
        "win_rate": 0.18181818181818182,
        "total_trades": 22,
        "max_drawdown": 0.05035263418528234
    },
    "trial_40": {
        "total_pnl": 32.8511698466188,
        "win_rate": 0.23893805309734514,
        "total_trades": 113,
        "max_drawdown": 0.05608958620195966
    },
    "trial_41": {
        "total_pnl": -90.9927016334167,
        "win_rate": 0.2589928057553957,
        "total_trades": 139,
        "max_drawdown": 0.12730522364243732
    },
    "trial_42": {
        "total_pnl": -59.03173517875913,
        "win_rate": 0.32727272727272727,
        "total_trades": 110,
        "max_drawdown": 0.08847124018782362
    },
    "trial_43": {
        "total_pnl": -33.92870046859431,
        "win_rate": 0.2,
        "total_trades": 20,