{
    "best_trial": [
        "trial_22",
        {
            "total_pnl": 46.61463742125604,
            "win_rate": 0.45,
            "total_trades": 20,
            "max_drawdown": 0.014609364099876333
        }
    ],
    "trial_0": {
        "total_pnl": 12.076560558604696,
        "win_rate": 0.4166666666666667,
        "total_trades": 24,
        "max_drawdown": 0.010134029686399615
    },
    "trial_1": {
        "total_pnl": -40.62965709568239,
        "win_rate": 0.35789473684210527,
        "total_trades": 95,
        "max_drawdown": 0.10454105179625384
    },
    "trial_2": {
        "total_pnl": 3.3242002627597538,
        "win_rate": 0.4603174603174603,
        "total_trades": 63,
        "max_drawdown": 0.02636964940287365
    },
    "trial_3": {
        "total_pnl": -0.6226771928663974,
        "win_rate": 0.3333333333333333,
        "total_trades": 21,
        "max_drawdown": 0.02893469728900038
    },
    "trial_4": {
        "total_pnl": -28.725341534105475,
        "win_rate": 0.35135135135135137,
        "total_trades": 74,
        "max_drawdown": 0.054981721083425014
    },
    "trial_5": {
        "total_pnl": 18.16157050677779,
        "win_rate": 0.35,
        "total_trades": 20,
        "max_drawdown": 0.02113794950399327
    },
    "trial_6": {
        "total_pnl": -116.23332113335778,
        "win_rate": 0.24691358024691357,
        "total_trades": 81,
        "max_drawdown": 0.13862948340964154
    },
    "trial_7": {
        "total_pnl": -11.07200996566592,
        "win_rate": 0.058823529411764705,
        "total_trades": 17,
        "max_drawdown": 0.011825809492870236
    },
    "trial_8": {
        "total_pnl": -84.23851490364362,
        "win_rate": 0.325,
        "total_trades": 80,
        "max_drawdown": 0.10773172932493388
    },
    "trial_9": {
        "total_pnl": -8.005947306507828,
        "win_rate": 0.38461538461538464,
        "total_trades": 39,
        "max_drawdown": 0.03307988589031954
    },
    "trial_10": {
        "total_pnl": -6.702940241878062,
        "win_rate": 0.27586206896551724,
        "total_trades": 29,
        "max_drawdown": 0.018139548288205895
    },
    "trial_11": {
        "total_pnl": -97.43680516454535,
        "win_rate": 0.25925925925925924,
        "total_trades": 108,
        "max_drawdown": 0.11545598462081749
    },
    "trial_12": {
        "total_pnl": -30.489307408957295,
        "win_rate": 0.3333333333333333,
        "total_trades": 27,
        "max_drawdown": 0.03371498963390343
    },
    "trial_13": {
        "total_pnl": -83.68087784729174,
        "win_rate": 0.38095238095238093,
        "total_trades": 105,
        "max_drawdown": 0.11506463771226962
    },
    "trial_14": {
        "total_pnl": -21.072163097785012,
        "win_rate": 0.3026315789473684,
        "total_trades": 76,
        "max_drawdown": 0.05681892465586356
    },
    "trial_15": {
        "total_pnl": -167.86940101806317,
        "win_rate": 0.29133858267716534,
        "total_trades": 127,
        "max_drawdown": 0.1867686468972808
    },
    "trial_16": {
        "total_pnl": -84.81584455905966,
        "win_rate": 0.2692307692307692,
        "total_trades": 104,
        "max_drawdown": 0.10007459808627052
    },
    "trial_17": {
        "total_pnl": 19.661264189174254,
        "win_rate": 0.4166666666666667,
        "total_trades": 24,
        "max_drawdown": 0.022199392947274875
    },
    "trial_18": {
        "total_pnl": -67.10258618381017,
        "win_rate": 0.2727272727272727,
        "total_trades": 77,
        "max_drawdown": 0.0989547195206459
    },
    "trial_19": {
        "total_pnl": -4.698095061724908,
        "win_rate": 0.3132530120481928,
        "total_trades": 83,
        "max_drawdown": 0.0409152649639872
    },
    "trial_20": {
        "total_pnl": -0.28810634499395027,
        "win_rate": 0.3181818181818182,
        "total_trades": 22,
        "max_drawdown": 0.014111294888317133
    },
    "trial_21": {
        "total_pnl": -47.910304148113156,
        "win_rate": 0.25842696629213485,
        "total_trades": 89,
        "max_drawdown": 0.07426384255963518
    },
    "trial_23": {
        "total_pnl": -66.39496156416182,
        "win_rate": 0.39285714285714285,
        "total_trades": 84,
        "max_drawdown": 0.08120903137694174
    },
    "trial_24": {
        "total_pnl": -4.452614803833034,
        "win_rate": 0.36666666666666664,
        "total_trades": 30,
        "max_drawdown": 0.037515251206697894
    },
    "trial_25": {
        "total_pnl": -149.7884085979814,
        "win_rate": 0.16,
        "total_trades": 100,
        "max_drawdown": 0.16793719990929418
    },
    "trial_26": {
        "total_pnl": -70.35333384746333,
        "win_rate": 0.39869281045751637,
        "total_trades": 153,
        "max_drawdown": 0.10500181210213685
    },
    "trial_27": {
        "total_pnl": -122.74538227981216,
        "win_rate": 0.2916666666666667,
        "total_trades": 120,
        "max_drawdown": 0.15911510875613638
    },
    "trial_28": {
        "total_pnl": -74.02961316963724,
        "win_rate": 0.4264705882352941,
        "total_trades": 136,
        "max_drawdown": 0.10443554299645272
    },
    "trial_29": {
        "total_pnl": -17.21226491598475,
        "win_rate": 0.1,
        "total_trades": 20,
        "max_drawdown": 0.018347010036661685
    },
    "trial_30": {
        "total_pnl": 20.14635971353941,
        "win_rate": 0.4074074074074074,
        "total_trades": 27,
        "max_drawdown": 0.012493460281362537
    },
    "trial_31": {
        "total_pnl": 3.0559013706462848,
        "win_rate": 0.4166666666666667,
        "total_trades": 12,
        "max_drawdown": 0.015506514452803344
    },
    "trial_32": {
        "total_pnl": -60.23537215282406,
        "win_rate": 0.37209302325581395,
        "total_trades": 86,
        "max_drawdown": 0.09022317369679302
    },
    "trial_33": {
        "total_pnl": -39.22943286084069,
        "win_rate": 0.38666666666666666,
        "total_trades": 75,
        "max_drawdown": 0.07623682519591089
    },
    "trial_34": {
        "total_pnl": -1.9203595298339446,
        "win_rate": 0.21428571428571427,
        "total_trades": 14,
        "max_drawdown": 0.006800255967050207
    },
    "trial_35": {
        "total_pnl": 4.004248869968639,
        "win_rate": 0.3611111111111111,
        "total_trades": 36,
        "max_drawdown": 0.0465079194695021
    },
    "trial_36": {
        "total_pnl": -26.467490571810817,
        "win_rate": 0.39622641509433965,
        "total_trades": 53,
        "max_drawdown": 0.05415247833270007
    },
    "trial_37": {
        "total_pnl": -4.852623103278592,
        "win_rate": 0.15789473684210525,
        "total_trades": 19,
        "max_drawdown": 0.01304910398219886
    },
    "trial_38": {
        "total_pnl": -68.22371532311452,
        "win_rate": 0.2898550724637681,
        "total_trades": 69,
        "max_drawdown": 0.1020274685131253
    },
    "trial_39": {
        "total_pnl": -70.47447064515735,
        "win_rate": 0.3076923076923077,
        "total_trades": 65,
        "max_drawdown": 0.09057146465263669
    },
    "trial_40": {
        "total_pnl": 3.7963623112368747,
        "win_rate": 0.36,
        "total_trades": 25,
        "max_drawdown": 0.04144036314221438
    },
    "trial_41": {
        "total_pnl": -16.579074505180596,
        "win_rate": 0.25925925925925924,
        "total_trades": 27,
        "max_drawdown": 0.027426339307212628
    },
    "trial_42": {
        "total_pnl": -33.70024238473555,
        "win_rate": 0.4262295081967213,
        "total_trades": 122,
        "max_drawdown": 0.08366825761666732
    },
    "trial_43": {
        "total_pnl": 46.0233755843923,
        "win_rate": 0.45098039215686275,
        "total_trades": 51,
        "max_drawdown": 0.030896598925846452
    },
    "trial_44": {
        "total_pnl": -125.17565973715722,
        "win_rate": 0.21739130434782608,
        "total_trades": 69,