{
    "best_trial": [
        "trial_14",
        {
            "total_pnl": 70.12474222106185,
            "win_rate": 0.3764705882352941,
            "total_trades": 85,
            "max_drawdown": 0.044734024627039876
        }
    ],
    "trial_0": {
        "total_pnl": -138.34665213859466,
        "win_rate": 0.15942028985507245,
        "total_trades": 69,
        "max_drawdown": 0.14901653763401404
    },
    "trial_1": {
        "total_pnl": -33.44952125308898,
        "win_rate": 0.345679012345679,
        "total_trades": 162,
        "max_drawdown": 0.07927649465614461
    },
    "trial_2": {
        "total_pnl": -32.25948381402369,
        "win_rate": 0.20833333333333334,
        "total_trades": 24,
        "max_drawdown": 0.03422855772322555
    },
    "trial_3": {
        "total_pnl": -54.5045499846029,
        "win_rate": 0.3953488372093023,
        "total_trades": 86,
        "max_drawdown": 0.07062315120765542
    },
    "trial_4": {
        "total_pnl": -147.00717485721634,
        "win_rate": 0.12162162162162163,
        "total_trades": 74,
        "max_drawdown": 0.15244303981653717
    },
    "trial_5": {
        "total_pnl": -42.4285610672756,
        "win_rate": 0.2,
        "total_trades": 25,
        "max_drawdown": 0.0450530553836503
    },
    "trial_6": {
        "total_pnl": -59.33513179101851,
        "win_rate": 0.27722772277227725,
        "total_trades": 101,
        "max_drawdown": 0.0683949517464099
    },
    "trial_7": {
        "total_pnl": -61.88535676205787,
        "win_rate": 0.21052631578947367,
        "total_trades": 38,
        "max_drawdown": 0.07292244607087536
    },
    "trial_8": {
        "total_pnl": -114.14160235459677,
        "win_rate": 0.24731182795698925,
        "total_trades": 93,
        "max_drawdown": 0.1412229319819407
    },
    "trial_9": {
        "total_pnl": -98.8821939018907,
        "win_rate": 0.2033898305084746,
        "total_trades": 59,
        "max_drawdown": 0.11160915446864508
    },
    "trial_10": {
        "total_pnl": 1.4544473427175768,
        "win_rate": 0.4166666666666667,
        "total_trades": 72,
        "max_drawdown": 0.037447487636370236
    },
    "trial_11": {
        "total_pnl": -56.141560658562874,
        "win_rate": 0.3125,
        "total_trades": 80,
        "max_drawdown": 0.08156138724509013
    },
    "trial_12": {
        "total_pnl": -51.24474235448927,
        "win_rate": 0.3333333333333333,
        "total_trades": 51,
        "max_drawdown": 0.0704923745450125
    },
    "trial_13": {
        "total_pnl": -74.36004658886827,
        "win_rate": 0.41414141414141414,
        "total_trades": 99,
        "max_drawdown": 0.08265586521407102
    },
    "trial_15": {
        "total_pnl": 17.460788710651507,
        "win_rate": 0.5121951219512195,
        "total_trades": 41,
        "max_drawdown": 0.014136832378953546
    },
    "trial_16": {
        "total_pnl": -99.75882579922823,
        "win_rate": 0.24285714285714285,
        "total_trades": 70,
        "max_drawdown": 0.1063907164421073
    },
    "trial_17": {
        "total_pnl": -93.41591151310152,
        "win_rate": 0.26582278481012656,
        "total_trades": 79,
        "max_drawdown": 0.11031053592548917
    },
    "trial_18": {
        "total_pnl": -81.30753167723026,
        "win_rate": 0.0,
        "total_trades": 17,
        "max_drawdown": 0.08191565227892783
    },
    "trial_19": {
        "total_pnl": -13.313448243617907,
        "win_rate": 0.35714285714285715,
        "total_trades": 42,
        "max_drawdown": 0.03353690736862162
    },
    "trial_20": {
        "total_pnl": -75.95532036685023,
        "win_rate": 0.325,
        "total_trades": 80,
        "max_drawdown": 0.08826883705229432
    },
    "trial_21": {
        "total_pnl": -30.882756786181943,
        "win_rate": 0.25,
        "total_trades": 36,
        "max_drawdown": 0.047633605098449015
    },
    "trial_22": {
        "total_pnl": -64.40552597243216,
        "win_rate": 0.2830188679245283,
        "total_trades": 106,
        "max_drawdown": 0.09567291738021856
    },
    "trial_23": {
        "total_pnl": -85.24331468147058,
        "win_rate": 0.2875,
        "total_trades": 80,
        "max_drawdown": 0.1032833034956388
    },
    "trial_24": {
        "total_pnl": -35.19538030642308,
        "win_rate": 0.0625,
        "total_trades": 16,
        "max_drawdown": 0.03670085949709048
    },
    "trial_25": {
        "total_pnl": 9.88483830923174,
        "win_rate": 0.5,
        "total_trades": 84,
        "max_drawdown": 0.01781752917327688
    },
    "trial_26": {
        "total_pnl": -13.849958208282526,
        "win_rate": 0.3625,
        "total_trades": 80,
        "max_drawdown": 0.07960191020905524
    },
    "trial_27": {
        "total_pnl": -86.05613716440301,
        "win_rate": 0.35537190082644626,
        "total_trades": 121,
        "max_drawdown": 0.10694879812219313
    },
    "trial_28": {
        "total_pnl": -100.44998062761051,
        "win_rate": 0.3404255319148936,
        "total_trades": 94,
        "max_drawdown": 0.11793625545589413
    },
    "trial_29": {
        "total_pnl": -101.65057680365815,
        "win_rate": 0.37209302325581395,
        "total_trades": 86,
        "max_drawdown": 0.11015675092270459
    },
    "trial_30": {
        "total_pnl": -61.15186614605241,
        "win_rate": 0.4019607843137255,
        "total_trades": 102,
        "max_drawdown": 0.08076515485136644
    },
    "trial_31": {
        "total_pnl": -14.308072680813673,
        "win_rate": 0.4318181818181818,
        "total_trades": 44,
        "max_drawdown": 0.02496250529943712
    },
    "trial_32": {
        "total_pnl": -99.53503173697263,
        "win_rate": 0.19230769230769232,
        "total_trades": 78,
        "max_drawdown": 0.10609995314934645
    },
    "trial_33": {
        "total_pnl": -79.98322713126137,
        "win_rate": 0.24561403508771928,
        "total_trades": 57,
        "max_drawdown": 0.08419240327987666
    },
    "trial_34": {
        "total_pnl": -74.879113077143,
        "win_rate": 0.2413793103448276,
        "total_trades": 87,
        "max_drawdown": 0.08392467163552408
    },
    "trial_35": {
        "total_pnl": -45.420442408003716,
        "win_rate": 0.19230769230769232,
        "total_trades": 26,
        "max_drawdown": 0.04788149324039261
    },
    "trial_36": {
        "total_pnl": -41.45570904341926,
        "win_rate": 0.48201438848920863,
        "total_trades": 139,
        "max_drawdown": 0.06194182664480631
    },
    "trial_37": {
        "total_pnl": -26.304237430443084,
        "win_rate": 0.20930232558139536,
        "total_trades": 43,
        "max_drawdown": 0.03331381845010099
    },
    "trial_38": {
        "total_pnl": -8.832072949384163,
        "win_rate": 0.5287356321839081,
        "total_trades": 87,
        "max_drawdown": 0.0414841961664489
    },
    "trial_39": {
        "total_pnl": 13.130252132942653,
        "win_rate": 0.5227272727272727,
        "total_trades": 88,
        "max_drawdown": 0.03767840691883322
    },
    "trial_40": {
        "total_pnl": -46.33431303644726,
        "win_rate": 0.3389830508474576,
        "total_trades": 59,
        "max_drawdown": 0.06672104271060078
    },
    "trial_41": {
        "total_pnl": -10.422032186069629,
        "win_rate": 0.38461538461538464,
        "total_trades": 39,
        "max_drawdown": 0.022275491654980144
    },
    "trial_42": {
        "total_pnl": -101.47816959861284,
        "win_rate": 0.18181818181818182,
        "total_trades": 77,
        "max_drawdown": 0.10797561464055445
    },
    "trial_43": {
        "total_pnl": -13.752185763950866,
        "win_rate": 0.2608695652173913,
        "total_trades": 23,
        "max_drawdown": 0.01879829344562279
    },
    "trial_44": {
        "total_pnl": -92.73093883609991,
        "win_rate": 0.3561643835616438,
        "total_trades": 73,
        "max_drawdown": 0.10195775846886804
    },